Year,Target Country,Source Country,Import Value,Commodity,Weather Index,GDP,GRI,BP1,BP2,BP3
2012,India,China,618158,38,0.01,0.4,0.16,0.6,0.1,0.7
2012,India,United States of America,708143,38,0.01,0.4,0.16,0.6,0.1,0.7
2012,India,Indonesia,124367,38,0.01,0.4,0.16,0.6,0.1,0.7
2012,India,Germany,297607,38,0.01,0.4,0.16,0.6,0.1,0.7
2012,India,Singapore,129580,38,0.01,0.4,0.16,0.6,0.1,0.7
2012,India,Japan,204022,38,0.01,0.4,0.16,0.6,0.1,0.7
2012,India,Malaysia,197764,38,0.01,0.4,0.16,0.6,0.1,0.7
2012,India,"Korea, Republic of",105365,38,0.01,0.4,0.16,0.6,0.1,0.7
2012,India,Netherlands,178599,38,0.01,0.4,0.16,0.6,0.1,0.7
2012,India,Saudi Arabia,79530,38,0.01,0.4,0.16,0.6,0.1,0.7
2012,India,Belgium,55283,38,0.01,0.4,0.16,0.6,0.1,0.7
2012,India,Italy,86311,38,0.01,0.4,0.16,0.6,0.1,0.7
2012,India,United Kingdom,81448,38,0.01,0.4,0.16,0.6,0.1,0.7
2012,India,Thailand,57240,38,0.01,0.4,0.16,0.6,0.1,0.7
2012,India,France,131209,38,0.01,0.4,0.16,0.6,0.1,0.7
2012,India,Spain,17422,38,0.01,0.4,0.16,0.6,0.1,0.7
2012,India,Israel,29521,38,0.01,0.4,0.16,0.6,0.1,0.7
2012,India,Viet Nam,14741,38,0.01,0.4,0.16,0.6,0.1,0.7
2012,India,"Taipei, Chinese",49199,38,0.01,0.4,0.16,0.6,0.1,0.7
2012,India,Brazil,15048,38,0.01,0.4,0.16,0.6,0.1,0.7
2012,India,Qatar,75196,38,0.01,0.4,0.16,0.6,0.1,0.7
2012,India,"Hong Kong, China",7133,38,0.01,0.4,0.16,0.6,0.1,0.7
2012,India,Sweden,26491,38,0.01,0.4,0.16,0.6,0.1,0.7
2012,India,United Arab Emirates,24607,38,0.01,0.4,0.16,0.6,0.1,0.7
2012,India,Switzerland,71064,38,0.01,0.4,0.16,0.6,0.1,0.7
2012,India,TÃ¼rkiye,12772,38,0.01,0.4,0.16,0.6,0.1,0.7
2012,India,Russian Federation,10813,38,0.01,0.4,0.16,0.6,0.1,0.7
2012,India,Lithuania,2032,38,0.01,0.4,0.16,0.6,0.1,0.7
2012,India,Norway,22023,38,0.01,0.4,0.16,0.6,0.1,0.7
2012,India,Nepal,9477,38,0.01,0.4,0.16,0.6,0.1,0.7
2012,India,Denmark,16554,38,0.01,0.4,0.16,0.6,0.1,0.7
2012,India,Canada,38459,38,0.01,0.4,0.16,0.6,0.1,0.7
2012,India,Argentina,2783,38,0.01,0.4,0.16,0.6,0.1,0.7
2012,India,Bangladesh,153,38,0.01,0.4,0.16,0.6,0.1,0.7
2012,India,Finland,3789,38,0.01,0.4,0.16,0.6,0.1,0.7
2012,India,Kuwait,5121,38,0.01,0.4,0.16,0.6,0.1,0.7
2012,India,Greece,3810,38,0.01,0.4,0.16,0.6,0.1,0.7
2012,India,Poland,2414,38,0.01,0.4,0.16,0.6,0.1,0.7
2012,India,Australia,10101,38,0.01,0.4,0.16,0.6,0.1,0.7
2012,India,Slovenia,431,38,0.01,0.4,0.16,0.6,0.1,0.7
2012,India,Ireland,4840,38,0.01,0.4,0.16,0.6,0.1,0.7
2012,India,Sri Lanka,3360,38,0.01,0.4,0.16,0.6,0.1,0.7
2012,India,Philippines,852,38,0.01,0.4,0.16,0.6,0.1,0.7
2012,India,Jordan,92,38,0.01,0.4,0.16,0.6,0.1,0.7
2012,India,Austria,13576,38,0.01,0.4,0.16,0.6,0.1,0.7
2012,India,Oman,850,38,0.01,0.4,0.16,0.6,0.1,0.7
2012,India,South Africa,12736,38,0.01,0.4,0.16,0.6,0.1,0.7
2012,India,Portugal,1166,38,0.01,0.4,0.16,0.6,0.1,0.7
2012,India,Hungary,1032,38,0.01,0.4,0.16,0.6,0.1,0.7
2012,India,Egypt,3055,38,0.01,0.4,0.16,0.6,0.1,0.7
2012,India,Mexico,2783,38,0.01,0.4,0.16,0.6,0.1,0.7
2012,India,Czech Republic,4361,38,0.01,0.4,0.16,0.6,0.1,0.7
2012,India,Papua New Guinea,43,38,0.01,0.4,0.16,0.6,0.1,0.7
2012,India,Iraq,28,38,0.01,0.4,0.16,0.6,0.1,0.7
2012,India,Ukraine,1161,38,0.01,0.4,0.16,0.6,0.1,0.7
2012,India,Area Nes,1581,38,0.01,0.4,0.16,0.6,0.1,0.7
2012,India,Bahrain,261,38,0.01,0.4,0.16,0.6,0.1,0.7
2012,India,"Iran, Islamic Republic of",27956,38,0.01,0.4,0.16,0.6,0.1,0.7
2012,India,Slovakia,615,38,0.01,0.4,0.16,0.6,0.1,0.7
2012,India,Sierra Leone,0,38,0.01,0.4,0.16,0.6,0.1,0.7
2012,India,"Venezuela, Bolivarian Republic of",0,38,0.01,0.4,0.16,0.6,0.1,0.7
2012,India,Belarus,69,38,0.01,0.4,0.16,0.6,0.1,0.7
2012,India,Romania,492,38,0.01,0.4,0.16,0.6,0.1,0.7
2012,India,Luxembourg,55,38,0.01,0.4,0.16,0.6,0.1,0.7
2012,India,New Zealand,1714,38,0.01,0.4,0.16,0.6,0.1,0.7
2012,India,Morocco,63,38,0.01,0.4,0.16,0.6,0.1,0.7
2012,India,Bhutan,496,38,0.01,0.4,0.16,0.6,0.1,0.7
2012,India,Bulgaria,61,38,0.01,0.4,0.16,0.6,0.1,0.7
2012,India,Algeria,41,38,0.01,0.4,0.16,0.6,0.1,0.7
2012,India,Brunei Darussalam,13,38,0.01,0.4,0.16,0.6,0.1,0.7
2012,India,"Korea, Democratic People's Republic of",0,38,0.01,0.4,0.16,0.6,0.1,0.7
2012,India,Seychelles,1,38,0.01,0.4,0.16,0.6,0.1,0.7
2012,India,Senegal,42,38,0.01,0.4,0.16,0.6,0.1,0.7
2012,India,Uruguay,438,38,0.01,0.4,0.16,0.6,0.1,0.7
2012,India,Tunisia,26,38,0.01,0.4,0.16,0.6,0.1,0.7
2012,India,Honduras,24,38,0.01,0.4,0.16,0.6,0.1,0.7
2012,India,Nigeria,368,38,0.01,0.4,0.16,0.6,0.1,0.7
2012,India,Chile,429,38,0.01,0.4,0.16,0.6,0.1,0.7
2012,India,"Tanzania, United Republic of",4,38,0.01,0.4,0.16,0.6,0.1,0.7
2012,India,Estonia,25,38,0.01,0.4,0.16,0.6,0.1,0.7
2012,India,Kenya,683,38,0.01,0.4,0.16,0.6,0.1,0.7
2012,India,"Macao, China",0,38,0.01,0.4,0.16,0.6,0.1,0.7
2012,India,Ghana,657,38,0.01,0.4,0.16,0.6,0.1,0.7
2012,India,Cameroon,0,38,0.01,0.4,0.16,0.6,0.1,0.7
2012,India,Malta,1,38,0.01,0.4,0.16,0.6,0.1,0.7
2012,India,Colombia,49,38,0.01,0.4,0.16,0.6,0.1,0.7
2012,India,Sudan,369,38,0.01,0.4,0.16,0.6,0.1,0.7
2012,India,Guatemala,1,38,0.01,0.4,0.16,0.6,0.1,0.7
2012,India,CuraÃ§ao,62,38,0.01,0.4,0.16,0.6,0.1,0.7
2012,India,Latvia,32,38,0.01,0.4,0.16,0.6,0.1,0.7
2012,India,Croatia,0,38,0.01,0.4,0.16,0.6,0.1,0.7
2012,India,Eswatini,332,38,0.01,0.4,0.16,0.6,0.1,0.7
2012,India,Chad,0,38,0.01,0.4,0.16,0.6,0.1,0.7
2012,India,Barbados,0,38,0.01,0.4,0.16,0.6,0.1,0.7
2012,India,French Southern and Antarctic Territories,0,38,0.01,0.4,0.16,0.6,0.1,0.7
2012,India,Peru,25,38,0.01,0.4,0.16,0.6,0.1,0.7
2012,India,"Libya, State of",0,38,0.01,0.4,0.16,0.6,0.1,0.7
2012,India,Mauritius,34,38,0.01,0.4,0.16,0.6,0.1,0.7
2012,India,Serbia,0,38,0.01,0.4,0.16,0.6,0.1,0.7
2012,India,Namibia,0,38,0.01,0.4,0.16,0.6,0.1,0.7
2012,India,Malawi,30,38,0.01,0.4,0.16,0.6,0.1,0.7
2012,India,Maldives,1,38,0.01,0.4,0.16,0.6,0.1,0.7
2012,India,Cambodia,113,38,0.01,0.4,0.16,0.6,0.1,0.7
2012,India,Costa Rica,174,38,0.01,0.4,0.16,0.6,0.1,0.7
2012,India,Cyprus,0,38,0.01,0.4,0.16,0.6,0.1,0.7
2012,India,Iceland,10,38,0.01,0.4,0.16,0.6,0.1,0.7
2012,India,Kazakhstan,0,38,0.01,0.4,0.16,0.6,0.1,0.7
2012,India,"Moldova, Republic of",0,38,0.01,0.4,0.16,0.6,0.1,0.7
2012,India,Yemen,0,38,0.01,0.4,0.16,0.6,0.1,0.7
2012,India,Zambia,0,38,0.01,0.4,0.16,0.6,0.1,0.7
2012,India,British Virgin Islands,52,38,0.01,0.4,0.16,0.6,0.1,0.7
2012,India,Norfolk Island,69,38,0.01,0.4,0.16,0.6,0.1,0.7
2012,India,Marshall Islands,0,38,0.01,0.4,0.16,0.6,0.1,0.7
2012,India,Somalia,0,38,0.01,0.4,0.16,0.6,0.1,0.7
2012,India,Turkmenistan,0,38,0.01,0.4,0.16,0.6,0.1,0.7
2012,India,United States Minor Outlying Islands,0,38,0.01,0.4,0.16,0.6,0.1,0.7
2012,India,Afghanistan,10,38,0.01,0.4,0.16,0.6,0.1,0.7
2012,India,Angola,0,38,0.01,0.4,0.16,0.6,0.1,0.7
2012,India,Azerbaijan,8,38,0.01,0.4,0.16,0.6,0.1,0.7
2012,India,Bahamas,0,38,0.01,0.4,0.16,0.6,0.1,0.7
2012,India,Armenia,1,38,0.01,0.4,0.16,0.6,0.1,0.7
2012,India,"Bolivia, Plurinational State of",0,38,0.01,0.4,0.16,0.6,0.1,0.7
2012,India,Bosnia and Herzegovina,0,38,0.01,0.4,0.16,0.6,0.1,0.7
2012,India,Botswana,0,38,0.01,0.4,0.16,0.6,0.1,0.7
2012,India,Belize,0,38,0.01,0.4,0.16,0.6,0.1,0.7
2012,India,Myanmar,810,38,0.01,0.4,0.16,0.6,0.1,0.7
2012,India,Burundi,76,38,0.01,0.4,0.16,0.6,0.1,0.7
2012,India,Comoros,0,38,0.01,0.4,0.16,0.6,0.1,0.7
2012,India,Congo,0,38,0.01,0.4,0.16,0.6,0.1,0.7
2012,India,"Congo, Democratic Republic of the",0,38,0.01,0.4,0.16,0.6,0.1,0.7
2012,India,Cuba,3,38,0.01,0.4,0.16,0.6,0.1,0.7
2012,India,Benin,1,38,0.01,0.4,0.16,0.6,0.1,0.7
2012,India,Dominican Republic,0,38,0.01,0.4,0.16,0.6,0.1,0.7
2012,India,Ecuador,0,38,0.01,0.4,0.16,0.6,0.1,0.7
2012,India,Ethiopia,52,38,0.01,0.4,0.16,0.6,0.1,0.7
2012,India,Fiji,0,38,0.01,0.4,0.16,0.6,0.1,0.7
2012,India,Gabon,14,38,0.01,0.4,0.16,0.6,0.1,0.7
2012,India,Georgia,79,38,0.01,0.4,0.16,0.6,0.1,0.7
2012,India,Gambia,0,38,0.01,0.4,0.16,0.6,0.1,0.7
2012,India,Grenada,0,38,0.01,0.4,0.16,0.6,0.1,0.7
2012,India,Guinea,9,38,0.01,0.4,0.16,0.6,0.1,0.7
2012,India,Haiti,0,38,0.01,0.4,0.16,0.6,0.1,0.7
2012,India,CÃ´te d'Ivoire,226,38,0.01,0.4,0.16,0.6,0.1,0.7
2012,India,Jamaica,2,38,0.01,0.4,0.16,0.6,0.1,0.7
2012,India,Kyrgyzstan,0,38,0.01,0.4,0.16,0.6,0.1,0.7
2012,India,Lebanon,96,38,0.01,0.4,0.16,0.6,0.1,0.7
2012,India,Lesotho,41,38,0.01,0.4,0.16,0.6,0.1,0.7
2012,India,Liberia,186,38,0.01,0.4,0.16,0.6,0.1,0.7
2012,India,Madagascar,70,38,0.01,0.4,0.16,0.6,0.1,0.7
2012,India,Mongolia,1,38,0.01,0.4,0.16,0.6,0.1,0.7
2012,India,Mozambique,46,38,0.01,0.4,0.16,0.6,0.1,0.7
2012,India,Niger,1,38,0.01,0.4,0.16,0.6,0.1,0.7
2012,India,Palau,0,38,0.01,0.4,0.16,0.6,0.1,0.7
2012,India,Pakistan,588,38,0.01,0.4,0.16,0.6,0.1,0.7
2012,India,Panama,1,38,0.01,0.4,0.16,0.6,0.1,0.7
2012,India,Paraguay,204,38,0.01,0.4,0.16,0.6,0.1,0.7
2012,India,Anguilla,0,38,0.01,0.4,0.16,0.6,0.1,0.7
2012,India,Saint Lucia,0,38,0.01,0.4,0.16,0.6,0.1,0.7
2012,India,Zimbabwe,0,38,0.01,0.4,0.16,0.6,0.1,0.7
2012,India,Trinidad and Tobago,0,38,0.01,0.4,0.16,0.6,0.1,0.7
2012,India,Uganda,12,38,0.01,0.4,0.16,0.6,0.1,0.7
2012,India,"Macedonia, North",0,38,0.01,0.4,0.16,0.6,0.1,0.7
2012,India,Uzbekistan,0,38,0.01,0.4,0.16,0.6,0.1,0.7
2013,India,China,609786,38,0.13,0.2,0.12,0.8,0.1,0.1
2013,India,United States of America,887719,38,0.13,0.2,0.12,0.8,0.1,0.1
2013,India,Indonesia,120483,38,0.13,0.2,0.12,0.8,0.1,0.1
2013,India,Germany,310316,38,0.13,0.2,0.12,0.8,0.1,0.1
2013,India,Singapore,168524,38,0.13,0.2,0.12,0.8,0.1,0.1
2013,India,Japan,178694,38,0.13,0.2,0.12,0.8,0.1,0.1
2013,India,Malaysia,157944,38,0.13,0.2,0.12,0.8,0.1,0.1
2013,India,"Korea, Republic of",113325,38,0.13,0.2,0.12,0.8,0.1,0.1
2013,India,Netherlands,78188,38,0.13,0.2,0.12,0.8,0.1,0.1
2013,India,Saudi Arabia,106144,38,0.13,0.2,0.12,0.8,0.1,0.1
2013,India,Belgium,87992,38,0.13,0.2,0.12,0.8,0.1,0.1
2013,India,Italy,101964,38,0.13,0.2,0.12,0.8,0.1,0.1
2013,India,United Kingdom,97050,38,0.13,0.2,0.12,0.8,0.1,0.1
2013,India,Thailand,43031,38,0.13,0.2,0.12,0.8,0.1,0.1
2013,India,France,152392,38,0.13,0.2,0.12,0.8,0.1,0.1
2013,India,Spain,28134,38,0.13,0.2,0.12,0.8,0.1,0.1
2013,India,Israel,32971,38,0.13,0.2,0.12,0.8,0.1,0.1
2013,India,Viet Nam,16588,38,0.13,0.2,0.12,0.8,0.1,0.1
2013,India,"Taipei, Chinese",46052,38,0.13,0.2,0.12,0.8,0.1,0.1
2013,India,Brazil,26729,38,0.13,0.2,0.12,0.8,0.1,0.1
2013,India,Qatar,96407,38,0.13,0.2,0.12,0.8,0.1,0.1
2013,India,"Hong Kong, China",4759,38,0.13,0.2,0.12,0.8,0.1,0.1
2013,India,Sweden,34087,38,0.13,0.2,0.12,0.8,0.1,0.1
2013,India,United Arab Emirates,10893,38,0.13,0.2,0.12,0.8,0.1,0.1
2013,India,Switzerland,54380,38,0.13,0.2,0.12,0.8,0.1,0.1
2013,India,TÃ¼rkiye,11622,38,0.13,0.2,0.12,0.8,0.1,0.1
2013,India,Russian Federation,6919,38,0.13,0.2,0.12,0.8,0.1,0.1
2013,India,Lithuania,1995,38,0.13,0.2,0.12,0.8,0.1,0.1
2013,India,Norway,10324,38,0.13,0.2,0.12,0.8,0.1,0.1
2013,India,Nepal,11572,38,0.13,0.2,0.12,0.8,0.1,0.1
2013,India,Denmark,19691,38,0.13,0.2,0.12,0.8,0.1,0.1
2013,India,Canada,65973,38,0.13,0.2,0.12,0.8,0.1,0.1
2013,India,Argentina,2286,38,0.13,0.2,0.12,0.8,0.1,0.1
2013,India,Bangladesh,0,38,0.13,0.2,0.12,0.8,0.1,0.1
2013,India,Finland,6422,38,0.13,0.2,0.12,0.8,0.1,0.1
2013,India,Kuwait,8812,38,0.13,0.2,0.12,0.8,0.1,0.1
2013,India,Greece,2613,38,0.13,0.2,0.12,0.8,0.1,0.1
2013,India,Poland,5114,38,0.13,0.2,0.12,0.8,0.1,0.1
2013,India,Australia,7111,38,0.13,0.2,0.12,0.8,0.1,0.1
2013,India,Slovenia,287,38,0.13,0.2,0.12,0.8,0.1,0.1
2013,India,Ireland,5298,38,0.13,0.2,0.12,0.8,0.1,0.1
2013,India,Sri Lanka,1838,38,0.13,0.2,0.12,0.8,0.1,0.1
2013,India,Philippines,153,38,0.13,0.2,0.12,0.8,0.1,0.1
2013,India,Jordan,211,38,0.13,0.2,0.12,0.8,0.1,0.1
2013,India,Austria,13607,38,0.13,0.2,0.12,0.8,0.1,0.1
2013,India,Oman,599,38,0.13,0.2,0.12,0.8,0.1,0.1
2013,India,South Africa,12222,38,0.13,0.2,0.12,0.8,0.1,0.1
2013,India,Portugal,2311,38,0.13,0.2,0.12,0.8,0.1,0.1
2013,India,Hungary,518,38,0.13,0.2,0.12,0.8,0.1,0.1
2013,India,Egypt,493,38,0.13,0.2,0.12,0.8,0.1,0.1
2013,India,Mexico,5316,38,0.13,0.2,0.12,0.8,0.1,0.1
2013,India,Czech Republic,2010,38,0.13,0.2,0.12,0.8,0.1,0.1
2013,India,Papua New Guinea,288,38,0.13,0.2,0.12,0.8,0.1,0.1
2013,India,Iraq,0,38,0.13,0.2,0.12,0.8,0.1,0.1
2013,India,Ukraine,580,38,0.13,0.2,0.12,0.8,0.1,0.1
2013,India,Area Nes,2121,38,0.13,0.2,0.12,0.8,0.1,0.1
2013,India,Bahrain,1,38,0.13,0.2,0.12,0.8,0.1,0.1
2013,India,"Iran, Islamic Republic of",66365,38,0.13,0.2,0.12,0.8,0.1,0.1
2013,India,Slovakia,389,38,0.13,0.2,0.12,0.8,0.1,0.1
2013,India,Sierra Leone,0,38,0.13,0.2,0.12,0.8,0.1,0.1
2013,India,"Venezuela, Bolivarian Republic of",0,38,0.13,0.2,0.12,0.8,0.1,0.1
2013,India,Belarus,22,38,0.13,0.2,0.12,0.8,0.1,0.1
2013,India,Romania,100,38,0.13,0.2,0.12,0.8,0.1,0.1
2013,India,Luxembourg,18,38,0.13,0.2,0.12,0.8,0.1,0.1
2013,India,New Zealand,479,38,0.13,0.2,0.12,0.8,0.1,0.1
2013,India,Morocco,321,38,0.13,0.2,0.12,0.8,0.1,0.1
2013,India,Bhutan,0,38,0.13,0.2,0.12,0.8,0.1,0.1
2013,India,Bulgaria,21,38,0.13,0.2,0.12,0.8,0.1,0.1
2013,India,Algeria,0,38,0.13,0.2,0.12,0.8,0.1,0.1
2013,India,Brunei Darussalam,0,38,0.13,0.2,0.12,0.8,0.1,0.1
2013,India,"Korea, Democratic People's Republic of",341,38,0.13,0.2,0.12,0.8,0.1,0.1
2013,India,Seychelles,0,38,0.13,0.2,0.12,0.8,0.1,0.1
2013,India,Senegal,0,38,0.13,0.2,0.12,0.8,0.1,0.1
2013,India,Uruguay,178,38,0.13,0.2,0.12,0.8,0.1,0.1
2013,India,Tunisia,0,38,0.13,0.2,0.12,0.8,0.1,0.1
2013,India,Honduras,0,38,0.13,0.2,0.12,0.8,0.1,0.1
2013,India,Nigeria,0,38,0.13,0.2,0.12,0.8,0.1,0.1
2013,India,Chile,227,38,0.13,0.2,0.12,0.8,0.1,0.1
2013,India,"Tanzania, United Republic of",0,38,0.13,0.2,0.12,0.8,0.1,0.1
2013,India,Estonia,5,38,0.13,0.2,0.12,0.8,0.1,0.1
2013,India,Kenya,0,38,0.13,0.2,0.12,0.8,0.1,0.1
2013,India,"Macao, China",0,38,0.13,0.2,0.12,0.8,0.1,0.1
2013,India,Ghana,5,38,0.13,0.2,0.12,0.8,0.1,0.1
2013,India,Cameroon,0,38,0.13,0.2,0.12,0.8,0.1,0.1
2013,India,Malta,6,38,0.13,0.2,0.12,0.8,0.1,0.1
2013,India,Colombia,68,38,0.13,0.2,0.12,0.8,0.1,0.1
2013,India,Sudan,0,38,0.13,0.2,0.12,0.8,0.1,0.1
2013,India,Guatemala,0,38,0.13,0.2,0.12,0.8,0.1,0.1
2013,India,CuraÃ§ao,118,38,0.13,0.2,0.12,0.8,0.1,0.1
2013,India,Latvia,11,38,0.13,0.2,0.12,0.8,0.1,0.1
2013,India,Croatia,0,38,0.13,0.2,0.12,0.8,0.1,0.1
2013,India,Eswatini,506,38,0.13,0.2,0.12,0.8,0.1,0.1
2013,India,Chad,0,38,0.13,0.2,0.12,0.8,0.1,0.1
2013,India,Barbados,0,38,0.13,0.2,0.12,0.8,0.1,0.1
2013,India,French Southern and Antarctic Territories,0,38,0.13,0.2,0.12,0.8,0.1,0.1
2013,India,Peru,23,38,0.13,0.2,0.12,0.8,0.1,0.1
2013,India,"Libya, State of",0,38,0.13,0.2,0.12,0.8,0.1,0.1
2013,India,Mauritius,4,38,0.13,0.2,0.12,0.8,0.1,0.1
2013,India,Serbia,0,38,0.13,0.2,0.12,0.8,0.1,0.1
2013,India,Namibia,0,38,0.13,0.2,0.12,0.8,0.1,0.1
2013,India,Malawi,0,38,0.13,0.2,0.12,0.8,0.1,0.1
2013,India,Maldives,0,38,0.13,0.2,0.12,0.8,0.1,0.1
2013,India,Cambodia,0,38,0.13,0.2,0.12,0.8,0.1,0.1
2013,India,Costa Rica,0,38,0.13,0.2,0.12,0.8,0.1,0.1
2013,India,Cyprus,3,38,0.13,0.2,0.12,0.8,0.1,0.1
2013,India,Iceland,0,38,0.13,0.2,0.12,0.8,0.1,0.1
2013,India,Kazakhstan,9,38,0.13,0.2,0.12,0.8,0.1,0.1
2013,India,"Moldova, Republic of",0,38,0.13,0.2,0.12,0.8,0.1,0.1
2013,India,Yemen,0,38,0.13,0.2,0.12,0.8,0.1,0.1
2013,India,Zambia,0,38,0.13,0.2,0.12,0.8,0.1,0.1
2013,India,British Virgin Islands,0,38,0.13,0.2,0.12,0.8,0.1,0.1
2013,India,Norfolk Island,0,38,0.13,0.2,0.12,0.8,0.1,0.1
2013,India,Marshall Islands,0,38,0.13,0.2,0.12,0.8,0.1,0.1
2013,India,Somalia,8,38,0.13,0.2,0.12,0.8,0.1,0.1
2013,India,Turkmenistan,0,38,0.13,0.2,0.12,0.8,0.1,0.1
2013,India,United States Minor Outlying Islands,0,38,0.13,0.2,0.12,0.8,0.1,0.1
2013,India,Afghanistan,0,38,0.13,0.2,0.12,0.8,0.1,0.1
2013,India,Angola,0,38,0.13,0.2,0.12,0.8,0.1,0.1
2013,India,Azerbaijan,0,38,0.13,0.2,0.12,0.8,0.1,0.1
2013,India,Bahamas,0,38,0.13,0.2,0.12,0.8,0.1,0.1
2013,India,Armenia,0,38,0.13,0.2,0.12,0.8,0.1,0.1
2013,India,"Bolivia, Plurinational State of",0,38,0.13,0.2,0.12,0.8,0.1,0.1
2013,India,Bosnia and Herzegovina,0,38,0.13,0.2,0.12,0.8,0.1,0.1
2013,India,Botswana,0,38,0.13,0.2,0.12,0.8,0.1,0.1
2013,India,Belize,0,38,0.13,0.2,0.12,0.8,0.1,0.1
2013,India,Myanmar,0,38,0.13,0.2,0.12,0.8,0.1,0.1
2013,India,Burundi,0,38,0.13,0.2,0.12,0.8,0.1,0.1
2013,India,Comoros,0,38,0.13,0.2,0.12,0.8,0.1,0.1
2013,India,Congo,0,38,0.13,0.2,0.12,0.8,0.1,0.1
2013,India,"Congo, Democratic Republic of the",0,38,0.13,0.2,0.12,0.8,0.1,0.1
2013,India,Cuba,0,38,0.13,0.2,0.12,0.8,0.1,0.1
2013,India,Benin,0,38,0.13,0.2,0.12,0.8,0.1,0.1
2013,India,Dominican Republic,0,38,0.13,0.2,0.12,0.8,0.1,0.1
2013,India,Ecuador,16,38,0.13,0.2,0.12,0.8,0.1,0.1
2013,India,Ethiopia,0,38,0.13,0.2,0.12,0.8,0.1,0.1
2013,India,Fiji,0,38,0.13,0.2,0.12,0.8,0.1,0.1
2013,India,Gabon,871,38,0.13,0.2,0.12,0.8,0.1,0.1
2013,India,Georgia,25,38,0.13,0.2,0.12,0.8,0.1,0.1
2013,India,Gambia,0,38,0.13,0.2,0.12,0.8,0.1,0.1
2013,India,Grenada,0,38,0.13,0.2,0.12,0.8,0.1,0.1
2013,India,Guinea,0,38,0.13,0.2,0.12,0.8,0.1,0.1
2013,India,Haiti,0,38,0.13,0.2,0.12,0.8,0.1,0.1
2013,India,CÃ´te d'Ivoire,0,38,0.13,0.2,0.12,0.8,0.1,0.1
2013,India,Jamaica,0,38,0.13,0.2,0.12,0.8,0.1,0.1
2013,India,Kyrgyzstan,0,38,0.13,0.2,0.12,0.8,0.1,0.1
2013,India,Lebanon,0,38,0.13,0.2,0.12,0.8,0.1,0.1
2013,India,Lesotho,0,38,0.13,0.2,0.12,0.8,0.1,0.1
2013,India,Liberia,0,38,0.13,0.2,0.12,0.8,0.1,0.1
2013,India,Madagascar,0,38,0.13,0.2,0.12,0.8,0.1,0.1
2013,India,Mongolia,0,38,0.13,0.2,0.12,0.8,0.1,0.1
2013,India,Mozambique,0,38,0.13,0.2,0.12,0.8,0.1,0.1
2013,India,Niger,0,38,0.13,0.2,0.12,0.8,0.1,0.1
2013,India,Palau,0,38,0.13,0.2,0.12,0.8,0.1,0.1
2013,India,Pakistan,405,38,0.13,0.2,0.12,0.8,0.1,0.1
2013,India,Panama,0,38,0.13,0.2,0.12,0.8,0.1,0.1
2013,India,Paraguay,0,38,0.13,0.2,0.12,0.8,0.1,0.1
2013,India,Anguilla,0,38,0.13,0.2,0.12,0.8,0.1,0.1
2013,India,Saint Lucia,0,38,0.13,0.2,0.12,0.8,0.1,0.1
2013,India,Zimbabwe,0,38,0.13,0.2,0.12,0.8,0.1,0.1
2013,India,Trinidad and Tobago,0,38,0.13,0.2,0.12,0.8,0.1,0.1
2013,India,Uganda,0,38,0.13,0.2,0.12,0.8,0.1,0.1
2013,India,"Macedonia, North",0,38,0.13,0.2,0.12,0.8,0.1,0.1
2013,India,Uzbekistan,0,38,0.13,0.2,0.12,0.8,0.1,0.1
2014,India,China,769763,38,1.15,0.6,0.14,0.1,0.1,0.8
2014,India,United States of America,860312,38,1.15,0.6,0.14,0.1,0.1,0.8
2014,India,Indonesia,229034,38,1.15,0.6,0.14,0.1,0.1,0.8
2014,India,Germany,334899,38,1.15,0.6,0.14,0.1,0.1,0.8
2014,India,Singapore,201601,38,1.15,0.6,0.14,0.1,0.1,0.8
2014,India,Japan,183381,38,1.15,0.6,0.14,0.1,0.1,0.8
2014,India,Malaysia,197190,38,1.15,0.6,0.14,0.1,0.1,0.8
2014,India,"Korea, Republic of",135323,38,1.15,0.6,0.14,0.1,0.1,0.8
2014,India,Netherlands,90807,38,1.15,0.6,0.14,0.1,0.1,0.8
2014,India,Saudi Arabia,74656,38,1.15,0.6,0.14,0.1,0.1,0.8
2014,India,Belgium,102744,38,1.15,0.6,0.14,0.1,0.1,0.8
2014,India,Italy,97495,38,1.15,0.6,0.14,0.1,0.1,0.8
2014,India,United Kingdom,101941,38,1.15,0.6,0.14,0.1,0.1,0.8
2014,India,Thailand,75071,38,1.15,0.6,0.14,0.1,0.1,0.8
2014,India,France,121409,38,1.15,0.6,0.14,0.1,0.1,0.8
2014,India,Spain,48500,38,1.15,0.6,0.14,0.1,0.1,0.8
2014,India,Israel,49468,38,1.15,0.6,0.14,0.1,0.1,0.8
2014,India,Viet Nam,18483,38,1.15,0.6,0.14,0.1,0.1,0.8
2014,India,"Taipei, Chinese",57728,38,1.15,0.6,0.14,0.1,0.1,0.8
2014,India,Brazil,34691,38,1.15,0.6,0.14,0.1,0.1,0.8
2014,India,Qatar,111803,38,1.15,0.6,0.14,0.1,0.1,0.8
2014,India,"Hong Kong, China",5807,38,1.15,0.6,0.14,0.1,0.1,0.8
2014,India,Sweden,33158,38,1.15,0.6,0.14,0.1,0.1,0.8
2014,India,United Arab Emirates,10515,38,1.15,0.6,0.14,0.1,0.1,0.8
2014,India,Switzerland,43519,38,1.15,0.6,0.14,0.1,0.1,0.8
2014,India,TÃ¼rkiye,13954,38,1.15,0.6,0.14,0.1,0.1,0.8
2014,India,Russian Federation,9704,38,1.15,0.6,0.14,0.1,0.1,0.8
2014,India,Lithuania,1955,38,1.15,0.6,0.14,0.1,0.1,0.8
2014,India,Norway,17766,38,1.15,0.6,0.14,0.1,0.1,0.8
2014,India,Nepal,17080,38,1.15,0.6,0.14,0.1,0.1,0.8
2014,India,Denmark,21526,38,1.15,0.6,0.14,0.1,0.1,0.8
2014,India,Canada,37482,38,1.15,0.6,0.14,0.1,0.1,0.8
2014,India,Argentina,3242,38,1.15,0.6,0.14,0.1,0.1,0.8
2014,India,Bangladesh,0,38,1.15,0.6,0.14,0.1,0.1,0.8
2014,India,Finland,7119,38,1.15,0.6,0.14,0.1,0.1,0.8
2014,India,Kuwait,9709,38,1.15,0.6,0.14,0.1,0.1,0.8
2014,India,Greece,2143,38,1.15,0.6,0.14,0.1,0.1,0.8
2014,India,Poland,11236,38,1.15,0.6,0.14,0.1,0.1,0.8
2014,India,Australia,4377,38,1.15,0.6,0.14,0.1,0.1,0.8
2014,India,Slovenia,268,38,1.15,0.6,0.14,0.1,0.1,0.8
2014,India,Ireland,6496,38,1.15,0.6,0.14,0.1,0.1,0.8
2014,India,Sri Lanka,1948,38,1.15,0.6,0.14,0.1,0.1,0.8
2014,India,Philippines,380,38,1.15,0.6,0.14,0.1,0.1,0.8
2014,India,Jordan,188,38,1.15,0.6,0.14,0.1,0.1,0.8
2014,India,Austria,19582,38,1.15,0.6,0.14,0.1,0.1,0.8
2014,India,Oman,559,38,1.15,0.6,0.14,0.1,0.1,0.8
2014,India,South Africa,11828,38,1.15,0.6,0.14,0.1,0.1,0.8
2014,India,Portugal,4129,38,1.15,0.6,0.14,0.1,0.1,0.8
2014,India,Hungary,729,38,1.15,0.6,0.14,0.1,0.1,0.8
2014,India,Egypt,501,38,1.15,0.6,0.14,0.1,0.1,0.8
2014,India,Mexico,4879,38,1.15,0.6,0.14,0.1,0.1,0.8
2014,India,Czech Republic,2403,38,1.15,0.6,0.14,0.1,0.1,0.8
2014,India,Papua New Guinea,295,38,1.15,0.6,0.14,0.1,0.1,0.8
2014,India,Iraq,0,38,1.15,0.6,0.14,0.1,0.1,0.8
2014,India,Ukraine,160,38,1.15,0.6,0.14,0.1,0.1,0.8
2014,India,Area Nes,969,38,1.15,0.6,0.14,0.1,0.1,0.8
2014,India,Bahrain,6,38,1.15,0.6,0.14,0.1,0.1,0.8
2014,India,"Iran, Islamic Republic of",45137,38,1.15,0.6,0.14,0.1,0.1,0.8
2014,India,Slovakia,932,38,1.15,0.6,0.14,0.1,0.1,0.8
2014,India,Sierra Leone,0,38,1.15,0.6,0.14,0.1,0.1,0.8
2014,India,"Venezuela, Bolivarian Republic of",43,38,1.15,0.6,0.14,0.1,0.1,0.8
2014,India,Belarus,0,38,1.15,0.6,0.14,0.1,0.1,0.8
2014,India,Romania,77,38,1.15,0.6,0.14,0.1,0.1,0.8
2014,India,Luxembourg,78,38,1.15,0.6,0.14,0.1,0.1,0.8
2014,India,New Zealand,245,38,1.15,0.6,0.14,0.1,0.1,0.8
2014,India,Morocco,128,38,1.15,0.6,0.14,0.1,0.1,0.8
2014,India,Bhutan,0,38,1.15,0.6,0.14,0.1,0.1,0.8
2014,India,Bulgaria,135,38,1.15,0.6,0.14,0.1,0.1,0.8
2014,India,Algeria,0,38,1.15,0.6,0.14,0.1,0.1,0.8
2014,India,Brunei Darussalam,0,38,1.15,0.6,0.14,0.1,0.1,0.8
2014,India,"Korea, Democratic People's Republic of",5564,38,1.15,0.6,0.14,0.1,0.1,0.8
2014,India,Seychelles,0,38,1.15,0.6,0.14,0.1,0.1,0.8
2014,India,Senegal,0,38,1.15,0.6,0.14,0.1,0.1,0.8
2014,India,Uruguay,314,38,1.15,0.6,0.14,0.1,0.1,0.8
2014,India,Tunisia,0,38,1.15,0.6,0.14,0.1,0.1,0.8
2014,India,Honduras,2,38,1.15,0.6,0.14,0.1,0.1,0.8
2014,India,Nigeria,0,38,1.15,0.6,0.14,0.1,0.1,0.8
2014,India,Chile,630,38,1.15,0.6,0.14,0.1,0.1,0.8
2014,India,"Tanzania, United Republic of",0,38,1.15,0.6,0.14,0.1,0.1,0.8
2014,India,Estonia,22,38,1.15,0.6,0.14,0.1,0.1,0.8
2014,India,Kenya,40,38,1.15,0.6,0.14,0.1,0.1,0.8
2014,India,"Macao, China",0,38,1.15,0.6,0.14,0.1,0.1,0.8
2014,India,Ghana,0,38,1.15,0.6,0.14,0.1,0.1,0.8
2014,India,Cameroon,0,38,1.15,0.6,0.14,0.1,0.1,0.8
2014,India,Malta,0,38,1.15,0.6,0.14,0.1,0.1,0.8
2014,India,Colombia,7,38,1.15,0.6,0.14,0.1,0.1,0.8
2014,India,Sudan,0,38,1.15,0.6,0.14,0.1,0.1,0.8
2014,India,Guatemala,0,38,1.15,0.6,0.14,0.1,0.1,0.8
2014,India,CuraÃ§ao,344,38,1.15,0.6,0.14,0.1,0.1,0.8
2014,India,Latvia,5,38,1.15,0.6,0.14,0.1,0.1,0.8
2014,India,Croatia,0,38,1.15,0.6,0.14,0.1,0.1,0.8
2014,India,Eswatini,1003,38,1.15,0.6,0.14,0.1,0.1,0.8
2014,India,Chad,0,38,1.15,0.6,0.14,0.1,0.1,0.8
2014,India,Barbados,0,38,1.15,0.6,0.14,0.1,0.1,0.8
2014,India,French Southern and Antarctic Territories,0,38,1.15,0.6,0.14,0.1,0.1,0.8
2014,India,Peru,0,38,1.15,0.6,0.14,0.1,0.1,0.8
2014,India,"Libya, State of",0,38,1.15,0.6,0.14,0.1,0.1,0.8
2014,India,Mauritius,2,38,1.15,0.6,0.14,0.1,0.1,0.8
2014,India,Serbia,8,38,1.15,0.6,0.14,0.1,0.1,0.8
2014,India,Namibia,0,38,1.15,0.6,0.14,0.1,0.1,0.8
2014,India,Malawi,0,38,1.15,0.6,0.14,0.1,0.1,0.8
2014,India,Maldives,0,38,1.15,0.6,0.14,0.1,0.1,0.8
2014,India,Cambodia,0,38,1.15,0.6,0.14,0.1,0.1,0.8
2014,India,Costa Rica,14,38,1.15,0.6,0.14,0.1,0.1,0.8
2014,India,Cyprus,0,38,1.15,0.6,0.14,0.1,0.1,0.8
2014,India,Iceland,0,38,1.15,0.6,0.14,0.1,0.1,0.8
2014,India,Kazakhstan,20,38,1.15,0.6,0.14,0.1,0.1,0.8
2014,India,"Moldova, Republic of",0,38,1.15,0.6,0.14,0.1,0.1,0.8
2014,India,Yemen,0,38,1.15,0.6,0.14,0.1,0.1,0.8
2014,India,Zambia,0,38,1.15,0.6,0.14,0.1,0.1,0.8
2014,India,British Virgin Islands,6,38,1.15,0.6,0.14,0.1,0.1,0.8
2014,India,Norfolk Island,24,38,1.15,0.6,0.14,0.1,0.1,0.8
2014,India,Marshall Islands,0,38,1.15,0.6,0.14,0.1,0.1,0.8
2014,India,Somalia,0,38,1.15,0.6,0.14,0.1,0.1,0.8
2014,India,Turkmenistan,0,38,1.15,0.6,0.14,0.1,0.1,0.8
2014,India,United States Minor Outlying Islands,5,38,1.15,0.6,0.14,0.1,0.1,0.8
2014,India,Afghanistan,0,38,1.15,0.6,0.14,0.1,0.1,0.8
2014,India,Angola,0,38,1.15,0.6,0.14,0.1,0.1,0.8
2014,India,Azerbaijan,0,38,1.15,0.6,0.14,0.1,0.1,0.8
2014,India,Bahamas,0,38,1.15,0.6,0.14,0.1,0.1,0.8
2014,India,Armenia,0,38,1.15,0.6,0.14,0.1,0.1,0.8
2014,India,"Bolivia, Plurinational State of",0,38,1.15,0.6,0.14,0.1,0.1,0.8
2014,India,Bosnia and Herzegovina,0,38,1.15,0.6,0.14,0.1,0.1,0.8
2014,India,Botswana,0,38,1.15,0.6,0.14,0.1,0.1,0.8
2014,India,Belize,0,38,1.15,0.6,0.14,0.1,0.1,0.8
2014,India,Myanmar,0,38,1.15,0.6,0.14,0.1,0.1,0.8
2014,India,Burundi,0,38,1.15,0.6,0.14,0.1,0.1,0.8
2014,India,Comoros,0,38,1.15,0.6,0.14,0.1,0.1,0.8
2014,India,Congo,0,38,1.15,0.6,0.14,0.1,0.1,0.8
2014,India,"Congo, Democratic Republic of the",0,38,1.15,0.6,0.14,0.1,0.1,0.8
2014,India,Cuba,0,38,1.15,0.6,0.14,0.1,0.1,0.8
2014,India,Benin,0,38,1.15,0.6,0.14,0.1,0.1,0.8
2014,India,Dominican Republic,0,38,1.15,0.6,0.14,0.1,0.1,0.8
2014,India,Ecuador,0,38,1.15,0.6,0.14,0.1,0.1,0.8
2014,India,Ethiopia,0,38,1.15,0.6,0.14,0.1,0.1,0.8
2014,India,Fiji,0,38,1.15,0.6,0.14,0.1,0.1,0.8
2014,India,Gabon,0,38,1.15,0.6,0.14,0.1,0.1,0.8
2014,India,Georgia,104,38,1.15,0.6,0.14,0.1,0.1,0.8
2014,India,Gambia,0,38,1.15,0.6,0.14,0.1,0.1,0.8
2014,India,Grenada,0,38,1.15,0.6,0.14,0.1,0.1,0.8
2014,India,Guinea,6,38,1.15,0.6,0.14,0.1,0.1,0.8
2014,India,Haiti,0,38,1.15,0.6,0.14,0.1,0.1,0.8
2014,India,CÃ´te d'Ivoire,0,38,1.15,0.6,0.14,0.1,0.1,0.8
2014,India,Jamaica,0,38,1.15,0.6,0.14,0.1,0.1,0.8
2014,India,Kyrgyzstan,0,38,1.15,0.6,0.14,0.1,0.1,0.8
2014,India,Lebanon,3,38,1.15,0.6,0.14,0.1,0.1,0.8
2014,India,Lesotho,0,38,1.15,0.6,0.14,0.1,0.1,0.8
2014,India,Liberia,0,38,1.15,0.6,0.14,0.1,0.1,0.8
2014,India,Madagascar,0,38,1.15,0.6,0.14,0.1,0.1,0.8
2014,India,Mongolia,0,38,1.15,0.6,0.14,0.1,0.1,0.8
2014,India,Mozambique,25,38,1.15,0.6,0.14,0.1,0.1,0.8
2014,India,Niger,0,38,1.15,0.6,0.14,0.1,0.1,0.8
2014,India,Palau,0,38,1.15,0.6,0.14,0.1,0.1,0.8
2014,India,Pakistan,158,38,1.15,0.6,0.14,0.1,0.1,0.8
2014,India,Panama,4,38,1.15,0.6,0.14,0.1,0.1,0.8
2014,India,Paraguay,0,38,1.15,0.6,0.14,0.1,0.1,0.8
2014,India,Anguilla,0,38,1.15,0.6,0.14,0.1,0.1,0.8
2014,India,Saint Lucia,2,38,1.15,0.6,0.14,0.1,0.1,0.8
2014,India,Zimbabwe,0,38,1.15,0.6,0.14,0.1,0.1,0.8
2014,India,Trinidad and Tobago,0,38,1.15,0.6,0.14,0.1,0.1,0.8
2014,India,Uganda,0,38,1.15,0.6,0.14,0.1,0.1,0.8
2014,India,"Macedonia, North",0,38,1.15,0.6,0.14,0.1,0.1,0.8
2014,India,Uzbekistan,0,38,1.15,0.6,0.14,0.1,0.1,0.8
